url,name,size,stage,funding
# https://change.org,Change.org,251-500,Series D,72000000
# https://gitlab.com,GitLab,1001-5000,IPOed,413500000
# https://medium.com,Medium,101-250,Series C,163000000
# https://vmware.com,VMware,10001+,IPOed,393500000
https://100thieves.com,100 Thieves,51-100,Series B,
https://10up.com,10up,251-500,Acquired,
https://1password.com,1Password,101-250,Series A,
https://23andme.com,23andMe,501-1000,Series F,
https://3m.com,3M,10001+,IPOed,
https://54gene.com,54gene,101-250,Series B,
https://6connex.com,6Connex,251-500,Acquired,
https://6sense.com,6sense,251-500,Series D,
https://75f.io,75F,101-250,Series A,
https://98point6.com,98point6,251-500,Series E,
https://abnormalsecurity.com,Abnormal Security,101-250,Series B,
https://absci.com,Absci,101-250,IPOed,
https://accolade.com,Accolade,501-1000,IPOed,
https://aclaimant.com,Aclaimant,11-50,Series B,
https://acquire.io,Acquire,101-250,Series A,
https://actioniq.com,ActionIQ,51-100,Series C,
https://activecampaign.com,ActiveCampaign,501-1000,Series C,
https://activsurgical.com,Activ Surgical,11-50,Series B,
https://acumatica.com,Acumatica,101-250,Series C,
https://addepar.com,Addepar,251-500,,
https://adlightning.com,Ad Lightning,1-10,Seed,
https://adobe.com,Adobe,10001+,IPOed,
https://adp.com,ADP,10001+,IPOed,
https://aerofarms.com,AeroFarms,101-250,IPOed,
https://aeva.ai,Aeva,101-250,IPOed,
https://affirm.com,Affirm,501-1000,IPOed,
https://afresh.com,Afresh,11-50,Series A,
https://airbnb.com,Airbnb,10001+,IPOed,
https://airmeet.com,Airmeet,251-500,Series A,
https://airship.com,Airship,251-500,Series F,
https://airtable.com,Airtable,251-500,Series E,
https://aisera.com,Aisera,101-250,Series C,
https://aiven.io,Aiven,101-250,Series C,
https://akamai.com,Akamai,10001+,IPOed,
https://alchemy.com,Alchemy,11-50,Series B,
https://alertive.com,Alertive Healthcare,11-50,,
https://algolia.com,Algolia,251-500,Series C,
https://algonomy.com,Algonomy,501-1000,,
https://algorand.com,Algorand,51-100,,
https://algorithmia.com,Algorithmia,11-50,Series B,
https://allbirds.com,Allbirds,251-500,IPOed,
https://ally.io,Ally,251-500,Series C,
https://amazon.com,Amazon,10001+,IPOed,
https://ambition.com,Ambition,11-50,Series A,
https://amd.com,AMD,10001+,IPOed,
https://amdocs.com,Amdocs,10001+,IPOed,
https://amperity.com,Amperity,101-250,Series C,
https://ample.com,Ample,11-50,Series C,
https://amprobotics.com,AMP Robotics,51-100,Series B,
https://anyplace.com,Anyplace,11-50,Series A,
https://apollo.io,Apollo,11-50,Series A,
https://appannie.com,App Annie,501-1000,,
https://appfire.com,Appfire,251-500,,
https://appharvest.com,AppHarvest,51-100,,
https://apple.com,Apple,10001+,IPOed,
https://apploi.com,Apploi,51-100,Series B,
https://applyboard.com,ApplyBoard,1001-5000,Series D,
https://appnovation.com,Appnovation,251-500,,
https://aptible.com,Aptible,11-50,Series A,12100000
https://arcaea.com,Arcaea,1-10,Series A,
https://arcboats.com,Arc Boats,1-10,Series A,
https://arcticwolf.com,Arctic Wolf,501-1000,Series F,
https://arriscomposites.com,Arris Composites,51-100,Series B,
https://arthur.ai,Arthur AI,11-50,Series A,
https://arturo.ai,Arturo,11-50,Series B,
https://asana.com,Asana,501-1000,IPOed,
https://aspiration.com,Aspiration,101-250,,
https://astronomer.io,Astronomer,101-250,Series B,
https://athleticbrewing.com,Athletic Brewing,11-50,,
https://atlassian.com,Atlassian,1001-5000,IPOed,
https://atmosphere.tv,Atmoshpere TV,51-100,Series B,
https://attentivemobile.com,Attentive,501-1000,Series E,
https://attunely.com,Attunely,1-10,Series A,
https://augmedics.com,Augmedics,11-50,Series C,
https://augury.com,Augury,101-250,Series E,
https://auth0.com,Auth0,501-1000,Acquired,
https://autodesk.com,Autodesk,10001+,IPOed,
https://automationanywhere.com,Automation Anywhere,1001-5000,,
https://automattic.com,Automattic,1001-5000,,
https://avantstay.com,AvantStay,101-250,Series A,
https://avast.com,Avast,1001-5000,,
https://axonius.com,Axonius,101-250,,
https://ayarlabs.com,Ayar Labs,51-100,Series B,
https://bambuser.com,Bambuser,101-250,IPOed,
https://baremetrics.com,Baremetrics,1-10,Seed,
https://bbot.menu,Bbot,51-100,Series A,
https://beacon.com,Beacon,101-250,Series B,
https://beam.dental,Beam Dental,101-250,Series E,
https://behavox.com,Behavox,51-100,,
https://benchling.com,Benchling,501-1000,Series E,
https://better.com,Better,5001-10000,,
https://bevy.com,Bevy,101-250,Series C,
https://beyond.ai,Beyond Limits,101-250,Series C,
https://beyondidentity.com,Beyond Identity,101-250,Series B,
https://beyondmeat.com,Beyond Meat,501-1000,IPOed,
https://bigboxvr.com,BigBox VR,11-50,Seed,
https://bigfishgames.com,Big Fish,501-1000,,
https://bigid.com,BigID,101-250,Series D,
https://binance.com,Binance,251-500,,
https://bitdefender.com,Bitdefender,10001+,,
https://bitmovin.com,Bitmovin,101-250,Series C,
https://bitwiseindustries.com,Bitwise Industries,101-250,Series B,
https://bizzabo.com,Bizzabo,101-250,Series E,
https://blend.com,Blend,501-1000,,
https://blinkist.com,Blinkist,51-100,Series C,
https://blizzard.com,Blizzard Entertainment,5001-10000,,
https://blockfi.com,BlockFi,101-250,,
https://bloomscape.com,Bloomscape,51-100,Series B,
https://blueapron.com,BlueApron,501-1000,IPOed,
https://bluecanoelearning.com,Blue Canoe,11-50,Seed,
https://blueconduit.com,BlueConduit,11-50,,
https://bluenalu.com,BlueNalu,1-10,,
https://blueorigin.com,Blue Origin,251-500,,
https://bluevoyant.com,BlueVoyant,101-250,Series C,
https://boardable.com,Boardable,51-100,Series A,
https://boeing.com,Boeing,10001+,IPOed,
https://bombas.com,Bombas,101-250,,
https://booking.com,Booking,10001+,,
https://boomsupersonic.com,Boom Supersonic,101-250,,
https://boox.eco,Boox,1-10,Series A,
https://boringcompany.com,The Boring Company,51-100,,
https://bostondynamics.com,Boston Dynamics,251-500,,
https://boundless.com,Boundless,11-50,Series B,
https://box.com,Box,1001-5000,IPOed,
https://br.iq,Briq,51-100,Series B,
https://brace.ai,Brace,11-50,Series B,
https://brainbase.com,Brainbase,51-100,Series A,
https://brazen.com,Brazen,51-100,Series C,
https://brex.com,Brex,501-1000,Series D,
https://bridgecrew.io,Bridgecrew,11-50,Acquired,
https://brightfarms.com,BrightFarms,51-100,Acquired,
https://brightinsight.com,BrightInsight,101-250,Series C,
https://brooklinen.com,Brooklinen,11-50,,
https://budibase.com,Budibase,1-10,Seed,
https://buffer.com,Buffer,51-100,Series A,
https://bumble.com,Bumble,1001-5000,,
https://burnalong.com,BurnAlong,11-50,,
https://butlerhospitality.com,Butler Hospitality,101-250,Series B,
https://calm.com,Calm,101-250,Series C,
https://cameo.com,Cameo,251-500,Series C,
https://campk12.com,Camp K12,251-500,Series A,
https://canonical.com,Canonical,501-1000,,
https://carbonhealth.com,Carbon Health,501-1000,,
https://cariuma.com,Cariuma,11-50,,
https://casaone.com,CasaOne,101-250,,
https://catalyst.io,Catalyst,51-100,Series B,
https://cazoo.co.uk,Cazoo,1001-5000,IPOed,
https://cedar.com,Cedar,101-250,Series D,
https://centrical.com,Centrical,101-250,Series C,
https://certn.co,Certn,11-50,Series A,
https://chainalysis.com,Chainalysis,251-500,Series E,
https://chainlinklabs.com,Chainlink Labs,101-250,,
https://chaossearch.io,ChaosSearch,11-50,Series B,
https://chargeafter.com,ChargeAfter,11-50,Series B,
https://chargebee.com,Chargebee,501-1000,Series G,
https://chargify.com,Chargify,51-100,Acquired,
https://checkout.com,Checkout,1001-5000,Series C,
https://chewy.com,Chewy,10001+,Series F,
https://chilipiper.com,Chili Piper,11-50,,
https://chime.com,Chime,501-1000,Series G,
https://chippercash.com,Chipper Cash,101-250,Series C,
https://chromamedicine.com,Chroma Medicine,11-50,Series A,
https://chronosphere.io,Chronosphere,101-250,Series C,
https://circleci.com,CircleCI,501-1000,Series F,
https://cisco.com,Cisco,10001+,IPOed,
https://citrix.com,Citrix Systems,5001-10000,IPOed,
https://citrusad.com,CitrusAd,51-100,Acquired,
https://cityblock.com,Cityblock Health,251-500,Series D,
https://clari.com,Clari,501-1000,Series E,
https://classpass.com,ClassPass,501-1000,Series E,
https://clearcover.com,Clearcover,251-500,Series D,
https://clickup.com,ClickUp,501-1000,Series C,
https://clio.com,Clio,501-1000,Series E,
https://cloudflare.com,Cloudflare,501-1000,IPOed,
https://clumio.com,Clumio,101-250,Series C,
https://coalitioninc.com,Coalition,101-250,Series E,
https://cockroachlabs.com,Cockroach Labs,101-250,Series E,
https://code.org,Code.org,51-100,,
https://codepath.org,CodePath.org,1-10,,
https://coherehealth.com,Cohere Health,101-250,Series B,
https://coinbase.com,Coinbase,1001-5000,IPOed,
https://coinflip.tech,CoinFlip,101-250,,
https://coldquanta.com,ColdQuanta,101-250,,
https://collibra.com,Collibra,501-1000,Series G,
https://color.com,Color,251-500,Series D,
https://companycam.com,CompanyCam,11-50,Series B,
https://compass.com,Compass,10001+,Series G,
https://concur.com,Concur,1001-5000,IPOed,
https://conductor.com,Conductor,101-250,Acquired,
https://confluent.io,Confluent,1001-5000,IPOed,
https://convoy.com,Convoy,501-1000,Series D,
https://coolberg.in,Coolberg,101-250,Series A,
https://copper.com,Copper,101-250,Series C,
https://coralogix.com,Coralogix,51-100,Series C,
https://corestack.io,CoreStack,101-250,Series A,
https://corvusinsurance.com,Corvus Insurance,101-250,Series C,
https://coursera.org,Coursera,1001-5000,Series F,
https://craftsvilla.com,Craftsvilla,101-250,,
https://creatopy.com,Creatopy,101-250,,
https://cred.club,CRED,251-500,Series D,
https://creditkarma.com,Credit Karma,501-1000,Acquired,
https://crescolabs.com,Cresco Labs,501-1000,IPOed,
https://cribl.io,Cribl,101-250,Series C,
https://crickethealth.com,Cricket Health,101-250,Series B,
https://cropin.com,CropIn,101-250,Series C,
https://cuehealth.com,Cue Health,1001-5000,,
https://current.com,Current,51-100,Series D,
https://currenthealth.com,Current Health,11-50,Acquired,
https://cutover.com,Cutover,101-250,Series B,
https://cybcube.com,CyberCube,101-250,Series B,
https://cybersixgill.com,Cybersixgill,11-50,,
https://cynet.com,Cynet,101-250,Series C,
https://cyware.com,Cyware,101-250,Series B,
https://daily-harvest.com,Daily Harvest,101-250,Series C,
https://dandelionenergy.com,Dandelion Energy,51-100,Series B,
https://dapperlabs.com,Dapper Labs,101-250,,
https://darktrace.com,Darktrace,1001-5000,Series E,
https://dascena.com,Dascena,11-50,Series B,
https://databank.com,DataBank,11-50,Acquired,
https://databricks.com,Databricks,1001-5000,Series G,
https://datadoghq.com,Datadog,1001-5000,,
https://dataiku.com,Dataiku,501-1000,Series E,
https://datarobot.com,DataRobot,1001-5000,Series G,1000000000
https://datasembly.com,Datasembly,51-100,Series A,
https://datatrained.com,DataTrained,251-500,Seed,
https://dave.com,Dave,101-250,,
https://decisionlink.com,DecisionLink,101-250,Series A,
https://deepcure.ai,Deepcure,1-10,Series A,
https://deepgram.com,Deepgram,51-100,Series B,
https://deepinstinct.com,Deep Instinct,101-250,Series D,
https://deepsource.io,DeepSource,11-50,Seed,
https://defensestorm.com,DefenseStorm,51-100,,
https://definedcrowd.com,DefinedCrowd,251-500,Series B,
https://degreed.com,Degreed,501-1000,,
https://deliverect.com,Deliverect,101-250,Series C,
https://deliverr.com,Deliverr,101-250,Series D,
https://dell.com,Dell,10001+,IPOed,
https://deloitte.com,Deloitte,10001+,,
https://density.io,Density,51-100,Series D,
https://descomplica.com.br,Descomplica,501-1000,Series E,
https://deserve.com,Deserve,101-250,,
https://detect.com,Detect,51-100,,
https://detectify.com,Detectify,11-50,Series B,
https://dexterity.ai,Dexterity,101-250,Series B,
https://dialpad.com,Dialpad,501-1000,Series E,
https://digitalasset.com,Digital Asset,101-250,Series D,
https://digitalhands.com,Digital Hands,101-250,,
https://digitalocean.com,DigitalOcean,501-1000,IPOed,
https://discord.com,Discord,501-1000,Series H,
https://divvydose.com,divvyDOSE,11-50,Acquired,
https://divvyhomes.com,Divvy,51-100,,
https://dlocal.com,dLocal,251-500,IPOed,
https://docker.com,Docker,51-100,Series B,
https://docusign.com,DocuSign,1001-5000,IPOed,
https://doma.com,Doma,251-500,IPOed,
https://doordash.com,DoorDash,10001+,IPOed,
https://dover.com,Dover,11-50,Series A,
https://dragos.com,Dragos,251-500,Series D,
https://dreambox.com,DreamBox Learning,251-500,Series C,
https://dremio.com,Dremio,101-250,Series D,
https://drift.com,Drift,251-500,Series C,
https://drinkhydrant.com,Hydrant,11-50,Series A,
https://dropbox.com,Dropbox,1001-5000,IPOed,
https://duckduckgo.com,DuckDuckGo,51-100,,
https://duffel.com,Duffel,11-50,Series B,
https://dunzo.com,Dunzo,1001-5000,Series E,
https://duolingo.com,Duolingo,501-1000,IPOed,
https://dutchie.com,Dutchie,251-500,Series D,
https://ea.com,Electronic Arts,5001-10000,IPOed,
https://easyknock.com,EasyKnock,11-50,Series B,
https://ebay.com,eBay,10001+,IPOed,
https://ecoflow.com,EcoFlow,251-500,,
https://ecosense.io,Ecosense,1-10,Seed,
https://educative.io,Educative,11-50,Seed,
https://ekohealth.com,Eko Health,101-250,Series C,
https://elastic.co,Elastic,1001-5000,IPOed,
https://electreon.com,Electreon,11-50,IPOed,
https://electroneek.com,ElectroNeek,11-50,Series A,
https://elevate.bio,ElevateBio,101-250,,
https://elvie.com,Elvie,51-100,Series C,
https://emme.com,Emme,1-10,Seed,
https://emotive.io,Emotive,11-50,Series B,
https://emtrain.com,Emtrain,11-50,Series A,
https://encamp.com,Encamp,11-50,Series B,
https://engrain.com,Engrain,101-250,Seed,
https://epicgames.com,Epic Games,1001-5000,,
https://eqrx.com,EQRx,101-250,Series B,
https://equitybee.com,EquityBee,11-50,Series B,
https://equityzen.com,EquityZen,11-50,,
https://espres.so,espresso,11-50,,
https://etsy.com,Etsy,1001-5000,IPOed,
https://eventbrite.com,Eventbrite,501-1000,IPOed,
https://everactive.com,Everactive,51-100,Series C,
https://everlywell.com,Everlywell,101-250,,
https://evernote.com,Evernote,251-500,Series E,
https://everytable.com,Everytable,11-50,,
https://evidation.com,Evidation Health,251-500,Series E,
https://evisit.com,eVisit,11-50,Series B,
https://evisort.com,Evisort,101-250,Series B,
https://exabeam.com,Exabeam,501-1000,Series E,
https://expedia.com,Expedia,5001-10000,IPOed,
https://expel.io,Expel,101-250,Series D,
https://explorium.ai,Explorium,101-250,Series C,
https://extend.com,Extend,101-250,Series C,
https://extrahop.com,ExtraHop,501-1000,Series C,
https://facebook.com,Facebook,10001+,IPOed,
https://factal.com,Factal,11-50,Series A,
https://factset.com,FactSet,5001-10000,IPOed,
https://faire.com,Faire,251-500,Series F,
https://fairmarkit.com,Fairmarkit,51-100,Series B,
https://fairphone.com,Fairphone,11-50,,
https://falconx.io,FalconX,101-250,Series C,
https://farm.bot,FarmBot,1-10,,
https://fast.co,Fast,101-250,Series B,
https://fetchrewards.com,Fetch Rewards,501-1000,Series D,
https://figma.com,Figma,251-500,Series D,
https://figure.com,Figure,251-500,Series D,
https://finexio.com,Finexio,11-50,,
https://finixpayments.com,Finix Payments,101-250,Series B,
https://fireblocks.com,Fireblocks,101-250,Series D,
https://fiskerinc.com,Fisker,101-250,IPOed,
https://fivetran.com,Fivetran,251-500,Series D,
https://flawlessai.com,Flawless,51-100,,
https://flexport.com,Flexport,1001-5000,,
https://flockfreight.com,Flock Freight,251-500,Series D,
https://flocksafety.com,Flock Safety,101-250,Series D,
https://flow.club,Flow Club,1-10,Seed,
https://flowcode.com,Flowcode,51-100,Seed,
https://flowhaven.com,Flowhaven,11-50,Series A,
https://fluidtruck.com,Fluid Truck,51-100,Series A,
https://flutterwave.com,Flutterwave,251-500,Series C,
https://flyhomes.com,FlyHomes,251-500,,
https://flywheel.io,Flywheel,11-50,Series C,
https://flyzipline.com,Zipline,101-250,Series E,
https://foragerscs.com,Forager,11-50,Series A,
https://forcura.com,Forcura,11-50,,
https://forethought.ai,Forethought,101-250,Series B,
https://forma.ai,Forma,51-100,Series A,
https://formenergy.com,Form Energy,101-250,Series D,
https://frame.io,Frame.io,251-500,Acquired,
https://frame.work,Framework,11-50,,
https://freenome.com,Freenome,101-250,Series C,
https://freshly.com,Freshly,251-500,Acquired,
https://frontapp.com,Front,101-250,Series C,
https://gemini.com,Gemini,101-250,,
https://geocaching.com,Geocaching,51-100,,
https://getaccept.com,GetAccept,101-250,Series B,
https://getalma.com,Alma,11-50,Seed,
https://getaway.house,Getaway,11-50,Series C,
https://getcerebral.com,Cerebral,1001-5000,Series B,
https://getcruise.com,Cruise,1001-5000,Acquired,
https://getdbt.com,dbt Labs,101-250,Series C,
https://getjerry.com,Jerry,101-250,Seed,
https://getmati.com,Mati,101-250,Series A,
https://getquip.com,Quip,101-250,Series B,
https://getshogun.com,Shogun,101-250,Series C,
https://getsquire.com,Squire,101-250,Series D,
https://getstream.io,Stream,101-250,Series B,
https://getsunday.com,Sunday,11-50,Series C,
https://getvymo.com,Vymo,251-500,Series B,
https://getzipline.com,Zipline,51-100,Series B,
https://ginger.com,Ginger,251-500,Acquired,
https://ginkgobioworks.com,Ginkgo Bioworks,251-500,Series F,
https://github.com,GitHub,501-1000,Acquired,
https://gitpod.io,Gitpod,11-50,,
https://givelegacy.com,Legacy,11-50,Series A,
https://glia.com,Glia,101-250,Series C,
https://gloat.com,Gloat,101-250,Series C,
https://glossier.com,Glossier,101-250,Series E,
https://glow.fm,Glow,1-10,Acquired,
https://glowforge.com,Glowforge,11-50,,
https://goat.com,GOAT,501-1000,,
https://goclove.com,Clove,1-10,Seed,
https://godaddy.com,GoDaddy,1001-5000,IPOed,
https://godigit.com,Digit Insurance,1001-5000,,
https://gofordelivers.com,GoFor,101-250,Series A,
https://gong.io,Gong,501-1000,Series E,
https://gopro.com,GoPro,251-500,IPOed,
https://goshippo.com,Shippo,101-250,Series E,
https://gosite.com,GoSite,51-100,Series B,
https://gostudent.org/us,GoStudent,501-1000,Series C,
https://goswift.ly,Swiftly,51-100,,
https://gradient.io,Gradient,1-10,Seed,
https://grafana.com,Grafana Labs,251-500,Series C,
https://grail.com,Grail,501-1000,Acquired,
https://grammarly.com,Grammarly,501-1000,,
https://graphcore.ai,Graphcore,251-500,Series E,
https://gravitydiagnostics.com,Gravity Diagnostics,101-250,,
https://gravitypayments.com,Gravity Payments,101-250,,
https://gravysolutions.io,Gravy,51-100,,
https://grayshift.com,Grayshift,101-250,Series A,
https://greenparksports.com,GreenPark Sports,11-50,Series B,
https://grin.co,Grin,251-500,Series B,
https://grofers.com,Grofers,1001-5000,,
https://groq.com,Groq,101-250,Series C,
https://guildeducation.com,Guild Education,251-500,Series E,
https://gumroad.com,Gumroad,11-50,,
https://h1.co,H1,101-250,Series B,
https://hackerone.com,HackerOne,1001-5000,Series D,
https://harness.io,Harness,251-500,Series C,
https://hashicorp.com,HashiCorp,1001-5000,Series E,
https://hawkemedia.com,Hawke Media,101-250,,
https://headset.io,Headset,51-100,,
https://headspace.com,Headspace,251-500,,
https://helbiz.com,Helbiz,501-1000,IPOed,
https://hellofresh.com,HelloFresh,1001-5000,IPOed,
https://hellofyllo.com,Fyllo,101-250,Series B,
https://hellolanding.com,Landing,251-500,,
https://hellotend.com,Tend,251-500,Series C,
https://heroku.com,Heroku,51-100,Acquired,
https://hevodata.com,Hevo Data,101-250,Series A,
https://hicapitalize.com,Capitalize,1-10,Series A,
https://highspot.com,Highspot,501-1000,Series E,
https://hightouch.io,Hightouch,11-50,Series A,
https://himarley.com,Hi Marley,11-50,Series B,
https://hingehealth.com,Hinge Health,501-1000,Series E,
https://hioscar.com,Oscar,1001-5000,IPOed,
https://hive.com,Hive,51-100,Series B,
https://hiya.com,Hiya,101-250,Series A,
https://homelight.com,HomeLight,251-500,,
https://hometap.com,Hometap,11-50,Series B,
https://hometownticketing.com,HomeTown Ticketing,101-250,,
https://homeward.com,Homeward,251-500,,
https://honeycomb.io,Honeycomb,51-100,Series C,
https://hopin.com,Hopin,501-1000,Series D,
https://hp.com,HP,10001+,IPOed,
https://hqo.com,HqO,101-250,Series C,
https://hubilo.com,Hubilo,251-500,Series B,
https://huboo.com,Huboo,251-500,Series B,
https://hubspot.com,HubSpot,1001-5000,IPOed,
https://hulu.com,Hulu,1001-5000,Acquired,
https://humaninterest.com,Human Interest,501-1000,Series D,
https://huntress.com,Huntress,51-100,Series B,
https://huue.bio,Huue,1-10,,
https://hyperfine.io,Hyperfine,51-100,Series D,
https://hyperproof.io,Hyperproof,11-50,Series A,
https://hyperscience.com,Hyperscience,101-250,Series D,
https://hypr.com,Hypr,101-250,Series C,
https://ibm.com,IBM,10001+,IPOed,
https://icertis.com,Icertis,1001-5000,Series F,
https://id.me,ID.me,501-1000,,
https://idelic.com,Idelic,51-100,Series B,
https://ifit.com,iFit,101-250,,
https://illumio.com,Illumio,251-500,Series E,
https://immunovant.com,Immunovant,101-250,IPOed,
https://immuta.com,Immuta,51-100,Series D,
https://impossiblefoods.com,Impossible Foods,501-1000,Series G,
https://incountry.com,InCountry,51-100,Series A,
https://indigoag.com,Indigo,1001-5000,Series F,
https://inevent.com,InEvent,101-250,Seed,
https://infiniteobjects.com,Infinite Objects,1-10,Seed,
https://inflammatix.com,Inflammatix,51-100,,
https://inky.com,Inky,11-50,Series B,
https://innovaccer.com,Innovaccer,501-1000,Series D,
https://insitro.com,Insitro,101-250,Series C,
https://instabase.com,Instabase,101-250,Series B,
https://instacart.com,Instacart,5001-10000,,
https://instagram.com,Instagram,251-500,Acquired,
https://instructure.com,Instructure,501-1000,IPOed,
https://insurify.com,Insurify,51-100,Series B,
https://intel.com,Intel,10001+,IPOed,
https://intercom.com,Intercom,501-1000,,
https://interfirst.com,Interfirst,251-500,,
https://interplaylearning.com,Interplay Learning,51-100,Series B,
https://intuit.com,Intuit,5001-10000,IPOed,
https://invideo.io,InVideo,101-250,Series E,
https://invixium.com,Invixium,11-50,Series C,
https://irl.com,IRL,11-50,Series C,
https://irobot.com,iRobot,501-1000,IPOed,
https://ironcladapp.com,Ironclad,101-250,,
https://isoplexis.com,IsoPlexis,101-250,IPOed,
https://jetbrains.com,JetBrains,1001-5000,,
https://jetclosing.com,JetClosing,51-100,Series B,
https://jfrog.com,JFrog,501-1000,IPOed,
https://joinclubhouse.com,Clubhouse,11-50,Series C,
https://joinlane.com,Lane,51-100,Acquired,
https://jumpcloud.com,JumpCloud,251-500,Series F,
https://junilearning.com,Juni Learning,251-500,Series A,
https://junipersquare.com,Juniper Square,101-250,Series C,
https://kahoot.com,Kahoot!,101-250,IPOed,
https://kaiahealth.com,Kaia Health,101-250,Series C,
https://kalderos.com,Kalderos,51-100,Series B,
https://kalera.com,Kalera,51-100,,
https://kandji.io,Kandji,51-100,Series B,
https://karunatx.com,Karuna Therapeutics,101-250,IPOed,
https://katefarms.com,Kate Farms,51-100,,
https://khealth.com,K Health,251-500,Series E,
https://kindbody.com,Kindbody,101-250,Series C,
https://kiswe.com,Kiswe,11-50,,
https://knowde.com,Knowde,11-50,Series B,
https://kobiton.com,Kobiton,51-100,,
https://koho.ca,KOHO Financial,101-250,Series C,
https://komodohealth.com,Komodo Health,251-500,Series E,
https://kraken.com,Kraken,1001-5000,,
https://krisp.ai,Krisp,51-100,Series A,
https://kronosbio.com,Kronos Bio,11-50,IPOed,
https://kuleana.co,Kuleana,1-10,Seed,
https://kustomer.com,Kustomer,101-250,Acquired,
https://labelbox.com,Labelbox,101-250,Series C,
https://lacework.com,Lacework,251-500,Series D,
https://lastpass.com,LastPass,11-50,Acquired,
https://lattice.com,Lattice,101-250,Series E,
https://legalpad.io,Legalpad,11-50,Seed,
https://lendio.com,Lendio,251-500,Series E,
https://lendistry.com,Lendistry,11-50,,
https://lenovo.com,Lenovo,10001+,IPOed,
https://letsdeel.com,Deel,251-500,,
https://letsgetchecked.com,LetsGetChecked,501-1000,Series D,
https://level.com,Level,101-250,Series A,
https://lexion.ai,Lexion,1-10,Seed,
https://lg.com,LG Electronics,10001+,IPOed,
https://lifen.fr,Lifen,11-50,Series B,
https://lili.co,Lili,11-50,Series B,
https://limeade.com,Limeade,101-250,IPOed,
https://liongard.com,Liongard,51-100,Series B,
https://livefeather.com,Feather,51-100,,
https://liveouter.com,Outer,11-50,Series B,
https://loadsmart.com,Loadsmart,251-500,Series C,
https://locusrobotics.com,Locus Robotics,101-250,Series E,
https://logicgate.com,LogicGate,101-250,Series C,
https://logitech.com,Logitech,5001-10000,IPOed,
https://lookout.com,Lookout,251-500,,
https://lordstownmotors.com,Lordstown,501-1000,IPOed,
https://lovevery.com,Lovevery,51-100,Series C,
https://lumatax.com,LumaTax,1-10,,
https://lunchbox.io,Lunchbox,101-250,Series A,
https://lyft.com,Lyft,1001-5000,IPOed,
https://lyrahealth.com,Lyra Health,501-1000,Series F,
https://m1finance.com,M1 Finance,251-500,Series E,
https://magicbell.com,MagicBell,1-10,Seed,
https://mailchimp.com,Mailchimp,501-1000,Acquired,
https://maisonette.com,Maisonette,11-50,Series B,
https://mambaby.com,MAM Baby,11-50,,
https://mambu.com,Mambu,251-500,Series D,
https://manticoregames.com,Manticore Games,101-250,Series C,
https://mantl.com,Mantl,51-100,Series B,
https://marqeta.com,Marqeta,501-1000,IPOed,
https://masterclass.com,MasterClass,251-500,Series F,
https://materialize.com,Materialize,11-50,Series B,
https://matillion.com,Matillion,101-250,Series E,
https://mcafee.com,McAfee,5001-10000,IPOed,
https://medable.com,Medable,251-500,Series D,
https://medly.com,Medly Pharmacy,101-250,Series B,
https://meetsoci.com,SOCi,251-500,Series D,
https://meliopayments.com,Melio Payments,251-500,Series D,
https://menlosecurity.com,Menlo Security,251-500,Series E,
https://mercato.com,Mercato,51-100,Series A,
https://mercury.com,Mercury,101-250,Series B,
https://messagebird.com,MessageBird,251-500,Series C,
https://microsoft.com,Microsoft,10001+,IPOed,
https://mikmak.com,MikMak,101-250,Series A,
https://mimecast.com,Mimecast,1001-5000,IPOed,
https://mindoula.com,Mindoula Health,251-500,Series C,
https://mindtickle.com,Mindtickle,251-500,Series E,
https://misfitsmarket.com,Misfits Market,101-250,Series C,
https://missionlane.com,Mission Lane,101-250,,
https://molekule.com,Molekule,101-250,,
https://monday.com,Monday.com,251-500,IPOed,
https://moneytap.com,MoneyTap,101-250,Series B,
https://monogramhealth.com,Monogram Health,101-250,Series B,
https://motorefi.com,MotoRefi,11-50,Series B,
https://mottomortgage.com,Motto Mortgage,1-10,,
https://moxie.xyz,Moxie,11-50,Seed,
https://moz.com,Moz,101-250,Series C,
https://mozilla.org,Mozilla,5001-10000,,
https://mpb.com,MPB,251-500,Series D,
https://mural.co,MURAL,501-1000,Series C,
https://mx.com,MX,501-1000,Series C,
https://myeyelab.com,My Eyelab,501-1000,,
https://namecheap.com,Namecheap,501-1000,,
https://namekart.com,Namekart,101-250,,
https://nasa.gov,NASA,10001+,,
https://neeva.com,Neeva,51-100,Series B,
https://neighbor.com,Neighbor,11-50,Series B,
https://neofinancial.com,Neo Financial,101-250,Series B,
https://netapp.com,NetApp,10001+,IPOed,
https://netflix.com,Netflix,1001-5000,IPOed,
https://netlify.com,Netlify,101-250,Series C,
https://neuralink.com,Neuralink,101-250,Series C,
https://newrelic.com,New Relic,1001-5000,IPOed,
https://newsbreak.com,NewsBreak,101-250,Series C,
https://nexhealth.com,NexHealth,11-50,Series B,
https://nextdns.io,NextDNS,1-10,,
https://nextdoor.com,Nextdoor,501-1000,Series F,
https://nextechar.com,Nextech AR,101-250,,
https://nextinsurance.com,Next Insurance,251-500,Series E,
https://nextstep.com,NextStep,11-50,Series A,
https://ni.com,National Instruments,5001-10000,IPOed,
https://nianticlabs.com,Niantic,101-250,Series C,
https://nikolamotor.com,Nikola,501-1000,IPOed,
https://nintendo.com,Nintendo,5001-10000,IPOed,
https://nintex.com,Nintex,251-500,Acquired,
https://nori.com,Nori,1-10,Seed,
https://notarize.com,Notarize,101-250,Series D,
https://noteworth.com,Noteworth,11-50,Seed,
https://notion.so,Notion,11-50,,
https://noyo.com,Noyo,11-50,Series A,
https://ns1.com,NS1,101-250,Series D,
https://nuraphone.com,Nura,51-100,Series A,
https://nuro.ai,Nuro,501-1000,Series D,
https://nutanix.com,Nutanix,5001-10000,IPOed,
https://nuvolo.com,Nuvolo,251-500,Series C,
https://nvidia.com,Nvidia,10001+,IPOed,
https://nydig.com,NYDIG,101-250,,
https://nylas.com,Nylas,101-250,Series C,
https://nymbus.com,Nymbus,101-250,,
https://observe.ai,Observe.AI,101-250,Series B,
https://octoml.ai,OctoML,101-250,Series C,
https://oculus.com,Oculus,501-1000,Acquired,
https://offerfit.ai,OfferFit,11-50,Series A,
https://offerup.com,OfferUp,251-500,,
https://oigetit.com,Oigetit,251-500,,
https://ola.co.uk,Ola,5001-10000,,
https://oliveai.com,Olive,501-1000,Series H,
https://ollang.com,Ollang,1-10,,
https://omnidian.com,Omnidian,11-50,Series B,
https://onedrop.today,OneDrop,1-10,Series C,
https://oneplus.com,OnePlus,501-1000,,
https://onerail.com,OneRail,101-250,Series A,
https://onesignal.com,OneSignal,51-100,,
https://onetrust.com,OneTrust,1001-5000,,
https://onezero.com,oneZero,11-50,,
https://opendoor.com,Opendoor,501-1000,IPOed,
https://openly.com,Openly,101-250,Series B,
https://openpath.com,Openpath,51-100,Acquired,
https://openspace.ai,OpenSpace,51-100,Series C,
https://opiniion.com,Opiniion,11-50,Series A,
https://optimize.health,Optimize Health,11-50,Series A,
https://optimizely.com,Optimizely,251-500,Acquired,
https://oracle.com,Oracle,10001+,IPOed,
https://orca.security,Orca Security,101-250,Series C,
https://orcam.com,OrCam,51-100,,
https://ossovr.com,Osso VR,101-250,Series B,
https://outdoorvoices.com,Outdoor Voices,101-250,,
https://outlier.org,Outlier,11-50,Series B,
https://outreach.io,Outreach,501-1000,Series F,
https://outrider.ai,Outrider,101-250,Series B,
https://overtime.tv,Overtime,101-250,Series C,
https://ownbackup.com,OwnBackup,251-500,Series E,
https://ownup.com,Own Up,51-100,Series B,
https://oxide.computer,Oxide,11-50,Seed,
https://pachyderm.com,Pachyderm,11-50,Series B,
https://packetfabric.com,PacketFabric,51-100,,
https://pagerduty.com,PagerDuty,501-1000,IPOed,
https://paige.ai,Paige,101-250,Series C,
https://palantir.com,Palantir Technologies,1001-5000,IPOed,
https://panasonic.com,Panasonic,10001+,IPOed,
https://pandora.com,Pandora,1001-5000,IPOed,
https://pangea.app,Pangea,1-10,Seed,
https://panic.com,Panic,1-10,,
https://panopto.com,Panopto,101-250,,
https://papaandbarkley.com,Papa & Barkley,251-500,,
https://parallels.com,Parallels,251-500,Acquired,
https://parthenontx.com,Parthenon Therapeutics,11-50,Series A,
https://passagebio.com,Passage Bio,51-100,IPOed,
https://paymongo.com,PayMongo,101-250,Series A,
https://paypal.com,PayPal,10001+,Acquired,
https://payscale.com,PayScale,251-500,Acquired,
https://peek.com,Peek,101-250,Series B,
https://pelion.com,Pelion,,,
https://pendo.io,Pendo,501-1000,,
https://pensando.io,Pensando,251-500,Series C,
https://percepto.co,Percepto,51-100,Series B,
https://perimeter81.com,Perimeter 81,101-250,Series B,
https://perimeterx.com,PerimeterX,101-250,Series D,
https://perkinswill.com,Perkins&Will,1001-5000,,
https://petalcard.com,Petal,101-250,,
https://pharmapacks.com,Pharmapacks,501-1000,,
https://pharmeasy.in,PharmEasy,501-1000,Series F,
https://philips.com,Philips,10001+,IPOed,
https://photomath.com,Photomath,101-250,Series B,
https://physna.com,Physna,11-50,Series B,
https://pillpack.com,PillPack,501-1000,Acquired,
https://pilot.com,Pilot,101-250,Series C,
https://pinterest.com,Pinterest,1001-5000,IPOed,
https://pipe.com,Pipe,11-50,,
https://pivotalcommware.com,Pivotal Commware,51-100,Series C,
https://pixar.com,Pixar Animation Studios,1001-5000,Acquired,
https://plaid.com,Plaid,501-1000,Series D,
https://planetscale.com,PlanetScale,11-50,Series C,
https://planetspark.in,PlanetSpark,1-10,Seed,
https://playment.io,Playment,11-50,Acquired,
https://playvs.com,PlayVS,51-100,Series C,
https://plenty.ag,Plenty,251-500,Series D,
https://plus.ai,Plus,101-250,Series D,
https://polleverywhere.com,Poll Everywhere,51-100,Seed,
https://pomelohealth.ca,Pomelo Health,101-250,Series B,
https://pony.ai,Pony.ai,251-500,Series C,
https://popmenu.com,Popmenu,101-250,Series C,
https://porch.com,Porch,501-1000,IPOed,
https://poshmark.com,Poshmark,1001-5000,IPOed,
https://postscript.io,Postscript,51-100,Series B,
https://prescryptive.com,Prescryptive,11-50,Series A,
https://primarybid.com,PrimaryBid,51-100,,
https://prisma.io,Prisma,11-50,Series A,
https://privacera.com,Privacera,101-250,Series B,
https://privitar.com,Privitar,101-250,Series C,
https://probablymonsters.com,ProbablyMonsters Studios,101-250,Series A,
https://productboard.com,Productboard,101-250,Series C,
https://productiv.com,Productiv,51-100,Series C,
https://protenus.com,Protenus,51-100,Series D,
https://public.com,Public.com,101-250,Series D,
https://puppet.com,Puppet,251-500,,
https://pureelectric.com,Pure Electric,101-250,,
https://purespectrum.com,PureSpectrum,1-10,Series B,
https://purple.com,Purple,501-1000,IPOed,
https://pursuecare.com,PursueCare,51-100,Series A,
https://qomplx.com,QOMPLX,101-250,Series A,
https://qualcomm.com,Qualcomm,10001+,IPOed,
https://qualia.com,Qualia,251-500,Series D,
https://qualified.com,Qualified,51-100,Series B,
https://qualio.com,Qualio,101-250,Series B,
https://qualtrics.com,Qualtrics,1001-5000,Acquired,
https://quantummetric.com,Quantum Metric,251-500,Series B,
https://quartile.com,Quartile,11-50,,
https://qumulo.com,Qumulo,251-500,Series E,
https://qure.ai,Qure,11-50,,
https://rackspace.com,Rackspace,1001-5000,IPOed,
https://radpowerbikes.com,Rad Power Bikes,251-500,,
https://ramp.com,Ramp,101-250,,
https://rapidapi.com,RapidAPI,101-250,Series C,
https://razorpay.com,Razorpay,1001-5000,Series E,
https://reachdesk.com,Reachdesk,11-50,Series B,
https://readme.com,ReadMe,11-50,Series A,
https://realpage.com,RealPage,1001-5000,IPOed,
https://recroom.com,Rec Room,101-250,Series D,
https://redcanary.com,Red Canary,101-250,Series C,
https://reddit.com,Reddit,501-1000,Series E,
https://redfin.com,Redfin,1001-5000,IPOed,
https://redhat.com,RedHat,5001-10000,Acquired,
https://redislabs.com,Redis Labs,251-500,,
https://reggora.com,Reggora,11-50,Series B,
https://reifyhealth.com,Reify Health,101-250,Series C,
https://relationshiphero.com,Relationship Hero,11-50,Seed,
https://relativityspace.com,Relativity Space,251-500,Series E,
https://reliaquest.com,ReliaQuest,251-500,,
https://remarkably.io,Remarkably,1-10,Seed,
https://remitly.com,Remitly,501-1000,,
https://rentable.co,Rentable,51-100,Series B,
https://renttherunway.com,Rent the Runway,1001-5000,,
https://repl.it,Repl.it,11-50,Series A,
https://replicant.ai,Replicant.ai,11-50,Series A,
https://republic.co,Republic,101-250,Series B,
https://residenthome.com,Resident,101-250,Series B,
https://revance.com,Revance,101-250,IPOed,
https://revenuecat.com,RevenueCat,11-50,Series B,
https://ridwell.com,Ridwell,501-1000,,
https://riipen.com,Riipen,11-50,Seed,
https://ring.com,Ring,1001-5000,Acquired,
https://ritual.com,Ritual,51-100,Series B,
https://rivian.com,Rivian,5001-10000,,
https://ro.co,Ro,251-500,Series D,
https://robinhood.com,Robinhood,1001-5000,,
https://roblox.com,Roblox,1001-5000,Series H,
https://rokt.com,Rokt,251-500,,
https://roku.com,Roku,1001-5000,IPOed,
https://romeopower.com,Romeo Power,51-100,IPOed,
https://rover.com,Rover,5001-10000,Series G,
https://rstudio.com,RStudio,11-50,Seed,
https://rubrik.com,Rubrik,1001-5000,,
https://safegraph.com,SafeGraph,51-100,Series B,
https://safetyculture.com,SafetyCulture,251-500,Series D,
https://salesforce.com,Salesforce,10001+,IPOed,
https://salsify.com,Salsify,251-500,Series E,
https://salt.security,Salt Security,51-100,Series C,
https://saltmine.com,Saltmine,101-250,Series A,
https://sambanova.ai,SambaNova Systems,251-500,Series D,
https://samsara.com,Samsara,1001-5000,,
https://samsung.com,Samsung Electronics,10001+,IPOed,
https://sanabenefits.com,Sana Benefits,11-50,Series A,
https://sap.com,SAP,10001+,IPOed,
https://sayweee.com,Weee!,101-250,Series D,
https://scale.com,Scale AI,251-500,,
https://scalefast.com,Scalefast,101-250,Series B,
https://sciencelogic.com,ScienceLogic,251-500,Series E,
https://sciphermedicine.com,Scipher Medicine,51-100,Series C,
https://seamless.ai,Seamless,251-500,Seed,
https://secfi.com,Secfi,51-100,,
https://section4.com,Section4,11-50,Series A,
https://securityscorecard.com,SecurityScorecard,251-500,Series E,
https://seegrid.com,Seegrid,251-500,,
https://segment.com,Segment,501-1000,Acquired,
https://semios.com,Semios,101-250,,
https://semperis.com,Semperis,51-100,Series B,
https://semrush.com,SEMrush,501-1000,IPOed,
https://sendbird.com,SendBird,101-250,,
https://sendgrid.com,SendGrid,251-500,Acquired,
https://sensortower.com,SensorTower,101-250,,
https://sentinelone.com,SentinelOne,501-1000,Series F,
https://sentry.io,Sentry,101-250,Series D,
https://sezzle.com,Sezzle,51-100,IPOed,
https://shelfengine.com,Shelf Engine,51-100,Series B,
https://shipmonk.com,ShipMonk,1001-5000,,
https://shopify.com,Shopify,5001-10000,IPOed,
https://shopmonkey.io,Shopmonkey,101-250,Series C,
https://sidecarhealth.com,Sidecar Health,51-100,Series C,
https://sifive.com,SiFive,251-500,Series E,
https://signal.org,Signal Messenger,1-10,,
https://silanano.com,Sila Nanotechnologies,101-250,Series F,
https://silofit.com,Silofit,11-50,Series A,
https://simulavr.com,SimulaVR,1-10,,
https://singlestore.com,SingleStore,251-500,Series F,
https://skillshare.com,Skillshare,251-500,Series D,
https://skyflow.com,Skyflow,11-50,Series B,
https://skykick.com,SkyKick,101-250,,
https://skylo.tech,Skylo,101-250,Series B,
https://slab.com,Slab,1-10,Seed,
https://slack.com,Slack,1001-5000,Acquired,
https://slicelife.com,Slice,501-1000,Series D,
https://slintel.com,Slintel,101-250,Acquired,
https://smartrent.com,SmartRent,101-250,IPOed,
https://smartsheet.com,Smartsheet,501-1000,IPOed,
https://smilecdr.com,Smile CDR,51-100,Series A,
https://snapchat.com,Snapchat,1001-5000,Series F,
https://snapdocs.com,Snapdocs,101-250,Series D,
https://snapnurse.com,SnapNurse,251-500,,
https://snowflake.com,Snowflake,1001-5000,IPOed,
https://snyk.io,Snyk,501-1000,Series F,
https://social27.com,Social27,101-250,,
https://socure.com,Socure,101-250,,
https://solana.com,Solana,51-100,,
https://solidatus.com,Solidatus,11-50,Series A,
https://solidfi.com,Solid,51-100,Series A,
https://sondermind.com,SonderMind,251-500,Series C,
https://songtradr.com,Songtradr,101-250,Series D,
https://sonos.com,Sonos,251-500,IPOed,
https://sony.com,Sony,10001+,IPOed,
https://sourcegraph.com,Sourcegraph,101-250,Series D,
https://spacex.com,SpaceX,5001-10000,,
https://span.io,Span,51-100,,
https://spekit.com,Spekit,11-50,Series A,
https://sphero.com,Sphero,51-100,,
https://spiff.com,Spiff,101-250,Series B,
https://splashfinancial.com,Splash Financial,51-100,Series B,
https://splashtop.com,Splashtop,101-250,Series E,
https://splunk.com,Splunk,1001-5000,,
https://spotify.com,Spotify,5001-10000,IPOed,
https://springhealth.com,Spring Health,251-500,Series C,
https://springhillcompany.com,SpringHill Company,51-100,,
https://sproutel.com,Sproutel,1-10,,
https://squareup.com,Square,1001-5000,IPOed,
https://stackline.com,Stackline,11-50,Series B,
https://starburst.io,Starburst,101-250,Series C,
https://startengine.com,StartEngine,51-100,Seed,
https://statespace.gg,Statespace,11-50,Series C,
https://steadyhq.com,Steady,11-50,Series A,
https://steadymd.com,SteadyMD,101-250,Series B,
https://stitchfix.com,Stitch Fix,1001-5000,IPOed,
https://stockx.com,StockX,1001-5000,,
https://stord.com,Stord,101-250,Series D,
https://strategybox.com,StrategyBox,1-10,Seed,
https://strava.com,Strava,251-500,Series F,
https://streem.com,Streem,11-50,Acquired,
https://stripe.com,Stripe,1001-5000,Series H,
https://strivehealth.com,Strive Health,101-250,Series B,
https://substack.com,Substack,51-100,Series B,
https://sunnova.com,Sunnova,101-250,IPOed,
https://supergoop.com,Supergoop,51-100,Series B,
https://superhuman.com,Superhuman,101-250,Series C,
https://superpedestrian.com,Superpedestrian,11-50,,
https://supplant.me,SupPlant,51-100,,
https://sweetgreen.com,Sweetgreen,1001-5000,Series I,
https://swimlane.com,Swimlane,101-250,,
https://syapse.com,Syapse,101-250,Series F,
https://symend.com,Symend,251-500,Series B,
https://synchron.com,Synchron,11-50,Series B,
https://syngspace.com,Syng,,Series A,
https://synology.com,Synology,501-1000,,
https://taboola.com,Taboola,1001-5000,IPOed,
https://tackle.io,Tackle,51-100,Series B,
https://talyn.com,Talyn,1-10,Seed,
https://tanium.com,Tanium,1001-5000,,
https://tapcart.com,Tapcart,51-100,Series B,
https://tapclicks.com,TapClicks,51-100,,
https://taplytics.com,Taplytics,51-100,,
https://tara.ai,Tara Intelligence,11-50,Series A,
https://tealbook.com,TealBook,11-50,Series A,
https://tealium.com,Tealium,501-1000,Series G,
https://teamflowhq.com,Teamflow,11-50,Series B,
https://tekion.com,Tekion,1001-5000,Series D,
https://telegram.org,Telegram Messenger,11-50,,
https://telerik.com,Telerik,501-1000,Acquired,
https://tempo.fit,Tempo,101-250,Series C,
https://teradata.com,Teradata,10001+,IPOed,
https://terminus.com,Terminus,101-250,,
https://tesla.com,Tesla,10001+,IPOed,
https://tesorio.com,Tesorio,11-50,Series A,
https://tetrascience.com,TetraScience,51-100,Series B,
https://textio.com,Textio,101-250,,
https://themomproject.com,The Mom Project,101-250,Series C,
https://therabody.com,Therabody,1-10,,
https://thezebra.com,The Zebra,251-500,Series D,
https://thinkific.com,Thinktific,251-500,,
https://thoughtspot.com,ThoughtSpot,501-1000,Series F,
https://thrasio.com,Thrasio,1001-5000,,
https://thredup.com,ThredUp,501-1000,Series F,
https://thriveworks.com,Thriveworks,501-1000,,
https://ti.com,Texas Instruments,10001+,IPOed,
https://tigergraph.com,TigerGraph,101-250,Series C,
https://tiktok.com,TikTok,251-500,,
https://timechi.com,TimeChi,1-10,,
https://timescale.com,Timescale,11-50,Series B,
https://tinuiti.com,Tinuiti,501-1000,Acquired,
https://tinypulse.com,TINYpulse,101-250,Series B,
https://tive.co,Tive,11-50,Series A,
https://tonal.com,Tonal,251-500,Series E,
https://tonkean.com,Tonkean,101-250,Series B,
https://tovala.com,Tovala,101-250,Series C,
https://traderepublic.com,Trade Republic,251-500,Series C,
https://tripadvisor.com,TripAdvisor,5001-10000,Acquired,
https://truebill.com,Truebill,101-250,Series D,
https://truepill.com,Truepill,251-500,,
https://truework.com,Truework,51-100,Series B,
https://trulia.com,Trulia,501-1000,IPOed,
https://trulieve.com,Trulieve,1001-5000,,
https://truststamp.ai,Trust Stamp,51-100,Series A,
https://trypura.com,Pura,51-100,Seed,
https://tscan.com,TScan Therapeutics,51-100,IPOed,
https://turntide.com,Turntide,101-250,,
https://turo.com,Turo,251-500,Series E,
https://twilio.com,Twilio,1001-5000,IPOed,
https://twitch.tv,Twitch,5001-10000,Acquired,
https://twitter.com,Twitter,5001-10000,IPOed,
https://typingdna.com,TypingDNA,11-50,Series A,
https://tytocare.com,TytoCare,101-250,Series D,
https://uber.com,Uber,10001+,IPOed,
https://ubisoft.com,Ubisoft,5001-10000,IPOed,
https://udaan.com,Udaan,5001-10000,Series D,
https://ui.com,Ubiquiti Networks,501-1000,IPOed,
https://uipath.com,UiPath,1001-5000,Series F,
https://unbounce.com,Unbounce,101-250,Series A,
https://uniphore.com,Uniphore,251-500,Series D,
https://unity.com,Unity,,,
https://unqork.com,Unqork,251-500,Series C,
https://unspun.io,unspun,11-50,,
https://upgrade.com,Upgrade,251-500,Series F,
https://upkey.com,Upkey,501-1000,Seed,
https://uplandsoftware.com,Upland Software,1001-5000,IPOed,
https://uptycs.com,Uptycs,101-250,Series C,
https://urbint.com,Urbint,51-100,Series C,
https://usebraintrust.com,Braintrust,51-100,,
https://usertesting.com,UserTesting,501-1000,,
https://userzoom.com,UserZoom,251-500,,
https://ushur.com,Ushur,51-100,Series B,
https://vacasa.com,Vacasa,1001-5000,Series D,
https://valvesoftware.com,Valve,501-1000,,
https://vaulthealth.com,Vault Health,251-500,,
https://veev.com,Veev,101-250,,
https://venmo.com,Venmo,51-100,Acquired,
https://vercel.com,Vercel,51-100,Series D,
https://vergesense.com,VergeSense,11-50,Series B,
https://verkada.com,Verkada,501-1000,Series C,
https://vernacular.ai,Vernacular,51-100,Series A,
https://verygoodsecurity.com,Very Good Security,51-100,Series C,
https://vida.com,Vida Health,501-1000,Series D,
https://vidmob.com,VidMob,101-250,Series C,
https://vineti.com,Vineti,101-250,Series C,
https://virtahealth.com,Virta Health,251-500,Series E,
https://visbymedical.com,Visby Medical,251-500,,
https://vivun.com,Vivun,51-100,Series B,
https://voice.com,Voice,101-250,,
https://volansi.com,Volansi,51-100,Series B,
https://voltacharging.com,Volta Charging,101-250,IPOed,
https://vorbio.com,Vor Biopharma,51-100,Series B,
https://vsco.co,VSCO,101-250,Series B,
https://vts.com,VTS,51-100,Series D,
https://wandb.ai,Weights & Biases,11-50,Series C,
https://wasabi.com,Wasabi,101-250,Series C,
https://wayfair.com,Wayfair,5001-10000,IPOed,
https://waze.com,Waze,51-100,Acquired,
https://wealthsimple.com,Wealthsimple,251-500,,
https://webflow.com,Webflow,251-500,Series B,
https://webscale.com,Webscale,51-100,Series C,
https://wellsaidlabs.com,WellSaid,1-10,,
https://whatsapp.com,WhatsApp,1001-5000,Acquired,
https://whoop.com,WHOOP,501-1000,Series F,
https://winc.com,Winc,51-100,IPOed,
https://wish.com,Wish,1001-5000,IPOed,
https://wiz.io,Wiz,101-250,Series C,
https://wizards.com,Wizards of the Coast,251-500,Acquired,
https://woflow.com,Woflow,11-50,Seed,
https://wordpress.com,WordPress,101-250,,
https://workato.com,Workato,251-500,Series D,
https://workiva.com,Workiva,1001-5000,IPOed,
https://wrench.com,Wrench,1-10,,
https://wyze.com,Wyze,101-250,Series A,
https://xometry.com,Xometry,251-500,Series E,
https://yellow.ai,Yellow Messenger,251-500,Series C,
https://yelp.com,Yelp,10001+,IPOed,
https://yotpo.com,Yotpo,251-500,,
https://youthtothepeople.com,Youth To The People,,,
https://youtube.com,YouTube,1001-5000,Acquired,
https://yugabyte.com,Yugabyte,251-500,Series C,
https://zanbato.com,Zanbato,11-50,,
https://zapier.com,Zapier,251-500,,
https://zenbusiness.com/v2,ZenBusiness,51-100,Series B,
https://zendesk.com,Zendesk,1001-5000,IPOed,
https://zenoti.com,Zenoti,251-500,Series D,
https://zentalis.com,Zentalis Pharmaceuticals,101-250,IPOed,
https://zerofox.com,ZeroFox,101-250,Series D,
https://zestmoney.in,ZestMoney,101-250,,
https://zillow.com,Zillow,5001-10000,IPOed,
https://zip.co,Zip,501-1000,IPOed,
https://zipari.com,Zipari,101-250,,
https://ziplyfiber.com,Ziply Fiber,11-50,Acquired,
https://zipwhip.com,Zipwhip,101-250,Series D,
https://zoom.us,Zoom,1001-5000,IPOed,
https://zoomcare.com,ZoomCare,501-1000,,
